"","date","mean_temp"
"1",2015-01-01,27
"2",2015-01-02,35
"3",2015-01-03,28
"4",2015-01-04,41
"5",2015-01-05,33
"6",2015-01-06,16
"7",2015-01-07,17
"8",2015-01-08,10
"9",2015-01-09,25
"10",2015-01-10,21
"11",2015-01-11,23
"12",2015-01-12,36
"13",2015-01-13,23
"14",2015-01-14,20
"15",2015-01-15,27
"16",2015-01-16,27
"17",2015-01-17,16
"18",2015-01-18,38
"19",2015-01-19,39
"20",2015-01-20,33
"21",2015-01-21,27
"22",2015-01-22,32
"23",2015-01-23,31
"24",2015-01-24,32
"25",2015-01-25,32
"26",2015-01-26,20
"27",2015-01-27,16
"28",2015-01-28,18
"29",2015-01-29,21
"30",2015-01-30,30
"31",2015-01-31,16
"32",2015-02-01,20
"33",2015-02-02,18
"34",2015-02-03,14
"35",2015-02-04,27
"36",2015-02-05,25
"37",2015-02-06,13
"38",2015-02-07,24
"39",2015-02-08,22
"40",2015-02-09,17
"41",2015-02-10,22
"42",2015-02-11,20
"43",2015-02-12,22
"44",2015-02-13,14
"45",2015-02-14,16
"46",2015-02-15,14
"47",2015-02-16,8
"48",2015-02-17,16
"49",2015-02-18,24
"50",2015-02-19,22
"51",2015-02-20,12
"52",2015-02-21,20
"53",2015-02-22,33
"54",2015-02-23,22
"55",2015-02-24,10
"56",2015-02-25,26
"57",2015-02-26,20
"58",2015-02-27,20
"59",2015-02-28,21
"60",2015-03-01,25
"61",2015-03-02,31
"62",2015-03-03,26
"63",2015-03-04,39
"64",2015-03-05,30
"65",2015-03-06,17
"66",2015-03-07,28
"67",2015-03-08,33
"68",2015-03-09,39
"69",2015-03-10,39
"70",2015-03-11,47
"71",2015-03-12,36
"72",2015-03-13,30
"73",2015-03-14,34
"74",2015-03-15,35
"75",2015-03-16,35
"76",2015-03-17,38
"77",2015-03-18,26
"78",2015-03-19,26
"79",2015-03-20,27
"80",2015-03-21,33
"81",2015-03-22,31
"82",2015-03-23,25
"83",2015-03-24,27
"84",2015-03-25,37
"85",2015-03-26,46
"86",2015-03-27,41
"87",2015-03-28,35
"88",2015-03-29,32
"89",2015-03-30,37
"90",2015-03-31,43
"91",2015-04-01,39
"92",2015-04-02,46
"93",2015-04-03,53
"94",2015-04-04,46
"95",2015-04-05,39
"96",2015-04-06,39
"97",2015-04-07,39
"98",2015-04-08,37
"99",2015-04-09,35
"100",2015-04-10,43
"101",2015-04-11,52
"102",2015-04-12,52
"103",2015-04-13,56
"104",2015-04-14,59
"105",2015-04-15,58
"106",2015-04-16,51
"107",2015-04-17,56
"108",2015-04-18,51
"109",2015-04-19,46
"110",2015-04-20,44
"111",2015-04-21,57
"112",2015-04-22,56
"113",2015-04-23,46
"114",2015-04-24,43
"115",2015-04-25,45
"116",2015-04-26,48
"117",2015-04-27,51
"118",2015-04-28,50
"119",2015-04-29,51
"120",2015-04-30,49
"121",2015-05-01,45
"122",2015-05-02,44
"123",2015-05-03,54
"124",2015-05-04,66
"125",2015-05-05,64
"126",2015-05-06,63
"127",2015-05-07,66
"128",2015-05-08,56
"129",2015-05-09,54
"130",2015-05-10,74
"131",2015-05-11,63
"132",2015-05-12,60
"133",2015-05-13,62
"134",2015-05-14,57
"135",2015-05-15,59
"136",2015-05-16,62
"137",2015-05-17,60
"138",2015-05-18,52
"139",2015-05-19,58
"140",2015-05-20,60
"141",2015-05-21,57
"142",2015-05-22,63
"143",2015-05-23,55
"144",2015-05-24,67
"145",2015-05-25,70
"146",2015-05-26,74
"147",2015-05-27,74
"148",2015-05-28,74
"149",2015-05-29,64
"150",2015-05-30,74
"151",2015-05-31,62
"152",2015-06-01,48
"153",2015-06-02,47
"154",2015-06-03,51
"155",2015-06-04,54
"156",2015-06-05,55
"157",2015-06-06,59
"158",2015-06-07,59
"159",2015-06-08,64
"160",2015-06-09,69
"161",2015-06-10,72
"162",2015-06-11,76
"163",2015-06-12,72
"164",2015-06-13,73
"165",2015-06-14,69
"166",2015-06-15,57
"167",2015-06-16,61
"168",2015-06-17,65
"169",2015-06-18,65
"170",2015-06-19,69
"171",2015-06-20,64
"172",2015-06-21,66
"173",2015-06-22,66
"174",2015-06-23,76
"175",2015-06-24,76
"176",2015-06-25,72
"177",2015-06-26,66
"178",2015-06-27,64
"179",2015-06-28,57
"180",2015-06-29,62
"181",2015-06-30,68
"182",2015-07-01,70
"183",2015-07-02,72
"184",2015-07-03,69
"185",2015-07-04,66
"186",2015-07-05,73
"187",2015-07-06,74
"188",2015-07-07,75
"189",2015-07-08,79
"190",2015-07-09,66
"191",2015-07-10,69
"192",2015-07-11,76
"193",2015-07-12,81
"194",2015-07-13,73
"195",2015-07-14,72
"196",2015-07-15,73
"197",2015-07-16,64
"198",2015-07-17,68
"199",2015-07-18,70
"200",2015-07-19,79
"201",2015-07-20,84
"202",2015-07-21,76
"203",2015-07-22,76
"204",2015-07-23,73
"205",2015-07-24,71
"206",2015-07-25,65
"207",2015-07-26,70
"208",2015-07-27,76
"209",2015-07-28,75
"210",2015-07-29,82
"211",2015-07-30,82
"212",2015-07-31,80
"213",2015-08-01,79
"214",2015-08-02,78
"215",2015-08-03,78
"216",2015-08-04,75
"217",2015-08-05,76
"218",2015-08-06,73
"219",2015-08-07,69
"220",2015-08-08,67
"221",2015-08-09,66
"222",2015-08-10,72
"223",2015-08-11,68
"224",2015-08-12,76
"225",2015-08-13,72
"226",2015-08-14,75
"227",2015-08-15,75
"228",2015-08-16,75
"229",2015-08-17,81
"230",2015-08-18,77
"231",2015-08-19,78
"232",2015-08-20,72
"233",2015-08-21,73
"234",2015-08-22,69
"235",2015-08-23,69
"236",2015-08-24,71
"237",2015-08-25,72
"238",2015-08-26,76
"239",2015-08-27,74
"240",2015-08-28,70
"241",2015-08-29,74
"242",2015-08-30,78
"243",2015-08-31,81
"244",2015-09-01,74
"245",2015-09-02,78
"246",2015-09-03,76
"247",2015-09-04,67
"248",2015-09-05,65
"249",2015-09-06,71
"250",2015-09-07,79
"251",2015-09-08,79
"252",2015-09-09,82
"253",2015-09-10,71
"254",2015-09-11,65
"255",2015-09-12,66
"256",2015-09-13,64
"257",2015-09-14,65
"258",2015-09-15,72
"259",2015-09-16,72
"260",2015-09-17,75
"261",2015-09-18,75
"262",2015-09-19,70
"263",2015-09-20,70
"264",2015-09-21,60
"265",2015-09-22,63
"266",2015-09-23,61
"267",2015-09-24,65
"268",2015-09-25,61
"269",2015-09-26,57
"270",2015-09-27,57
"271",2015-09-28,68
"272",2015-09-29,72
"273",2015-09-30,69
"274",2015-10-01,56
"275",2015-10-02,52
"276",2015-10-03,52
"277",2015-10-04,53
"278",2015-10-05,54
"279",2015-10-06,55
"280",2015-10-07,61
"281",2015-10-08,57
"282",2015-10-09,62
"283",2015-10-10,54
"284",2015-10-11,58
"285",2015-10-12,61
"286",2015-10-13,62
"287",2015-10-14,62
"288",2015-10-15,54
"289",2015-10-16,55
"290",2015-10-17,49
"291",2015-10-18,39
"292",2015-10-19,40
"293",2015-10-20,56
"294",2015-10-21,57
"295",2015-10-22,62
"296",2015-10-23,50
"297",2015-10-24,43
"298",2015-10-25,55
"299",2015-10-26,47
"300",2015-10-27,46
"301",2015-10-28,52
"302",2015-10-29,67
"303",2015-10-30,54
"304",2015-10-31,46
"305",2015-11-01,54
"306",2015-11-02,56
"307",2015-11-03,60
"308",2015-11-04,55
"309",2015-11-05,63
"310",2015-11-06,67
"311",2015-11-07,59
"312",2015-11-08,50
"313",2015-11-09,50
"314",2015-11-10,49
"315",2015-11-11,48
"316",2015-11-12,49
"317",2015-11-13,53
"318",2015-11-14,43
"319",2015-11-15,45
"320",2015-11-16,51
"321",2015-11-17,39
"322",2015-11-18,41
"323",2015-11-19,49
"324",2015-11-20,55
"325",2015-11-21,42
"326",2015-11-22,43
"327",2015-11-23,37
"328",2015-11-24,36
"329",2015-11-25,39
"330",2015-11-26,48
"331",2015-11-27,55
"332",2015-11-28,49
"333",2015-11-29,37
"334",2015-11-30,33
"335",2015-12-01,41
"336",2015-12-02,43
"337",2015-12-03,47
"338",2015-12-04,43
"339",2015-12-05,43
"340",2015-12-06,45
"341",2015-12-07,44
"342",2015-12-08,41
"343",2015-12-09,42
"344",2015-12-10,48
"345",2015-12-11,51
"346",2015-12-12,54
"347",2015-12-13,49
"348",2015-12-14,48
"349",2015-12-15,55
"350",2015-12-16,42
"351",2015-12-17,46
"352",2015-12-18,47
"353",2015-12-19,37
"354",2015-12-20,36
"355",2015-12-21,45
"356",2015-12-22,54
"357",2015-12-23,50
"358",2015-12-24,58
"359",2015-12-25,57
"360",2015-12-26,47
"361",2015-12-27,46
"362",2015-12-28,32
"363",2015-12-29,32
"364",2015-12-30,28
"365",2015-12-31,39
"366",2016-01-01,38
"367",2016-01-02,35
"368",2016-01-03,37
"369",2016-01-04,26
"370",2016-01-05,17
"371",2016-01-06,32
"372",2016-01-07,33
"373",2016-01-08,36
"374",2016-01-09,39
"375",2016-01-10,48
"376",2016-01-11,34
"377",2016-01-12,30
"378",2016-01-13,27
"379",2016-01-14,25
"380",2016-01-15,35
"381",2016-01-16,38
"382",2016-01-17,33
"383",2016-01-18,25
"384",2016-01-19,20
"385",2016-01-20,25
"386",2016-01-21,26
"387",2016-01-22,25
"388",2016-01-23,27
"389",2016-01-24,27
"390",2016-01-25,30
"391",2016-01-26,40
"392",2016-01-27,41
"393",2016-01-28,34
"394",2016-01-29,36
"395",2016-01-30,36
"396",2016-01-31,45
"397",2016-02-01,50
"398",2016-02-02,42
"399",2016-02-03,45
"400",2016-02-04,53
"401",2016-02-05,33
"402",2016-02-06,29
"403",2016-02-07,35
"404",2016-02-08,25
"405",2016-02-09,23
"406",2016-02-10,31
"407",2016-02-11,24
"408",2016-02-12,16
"409",2016-02-13,16
"410",2016-02-14,1
"411",2016-02-15,16
"412",2016-02-16,46
"413",2016-02-17,39
"414",2016-02-18,31
"415",2016-02-19,29
"416",2016-02-20,46
"417",2016-02-21,49
"418",2016-02-22,37
"419",2016-02-23,33
"420",2016-02-24,41
"421",2016-02-25,53
"422",2016-02-26,35
"423",2016-02-27,30
"424",2016-02-28,45
"425",2016-02-29,50
"426",2016-03-01,40
"427",2016-03-02,41
"428",2016-03-03,27
"429",2016-03-04,28
"430",2016-03-05,29
"431",2016-03-06,33
"432",2016-03-07,41
"433",2016-03-08,43
"434",2016-03-09,58
"435",2016-03-10,61
"436",2016-03-11,45
"437",2016-03-12,46
"438",2016-03-13,54
"439",2016-03-14,41
"440",2016-03-15,43
"441",2016-03-16,43
"442",2016-03-17,50
"443",2016-03-18,46
"444",2016-03-19,36
"445",2016-03-20,32
"446",2016-03-21,34
"447",2016-03-22,40
"448",2016-03-23,49
"449",2016-03-24,39
"450",2016-03-25,40
"451",2016-03-26,39
"452",2016-03-27,38
"453",2016-03-28,41
"454",2016-03-29,45
"455",2016-03-30,44
"456",2016-03-31,58
"457",2016-04-01,63
"458",2016-04-02,50
"459",2016-04-03,34
"460",2016-04-04,27
"461",2016-04-05,30
"462",2016-04-06,34
"463",2016-04-07,51
"464",2016-04-08,47
"465",2016-04-09,39
"466",2016-04-10,40
"467",2016-04-11,50
"468",2016-04-12,54
"469",2016-04-13,44
"470",2016-04-14,43
"471",2016-04-15,45
"472",2016-04-16,46
"473",2016-04-17,47
"474",2016-04-18,51
"475",2016-04-19,48
"476",2016-04-20,49
"477",2016-04-21,58
"478",2016-04-22,66
"479",2016-04-23,58
"480",2016-04-24,47
"481",2016-04-25,49
"482",2016-04-26,43
"483",2016-04-27,47
"484",2016-04-28,48
"485",2016-04-29,47
"486",2016-04-30,49
"487",2016-05-01,47
"488",2016-05-02,47
"489",2016-05-03,46
"490",2016-05-04,46
"491",2016-05-05,45
"492",2016-05-06,48
"493",2016-05-07,47
"494",2016-05-08,53
"495",2016-05-09,56
"496",2016-05-10,58
"497",2016-05-11,61
"498",2016-05-12,61
"499",2016-05-13,61
"500",2016-05-14,66
"501",2016-05-15,55
"502",2016-05-16,50
"503",2016-05-17,61
"504",2016-05-18,55
"505",2016-05-19,55
"506",2016-05-20,61
"507",2016-05-21,63
"508",2016-05-22,57
"509",2016-05-23,62
"510",2016-05-24,54
"511",2016-05-25,69
"512",2016-05-26,70
"513",2016-05-27,63
"514",2016-05-28,78
"515",2016-05-29,60
"516",2016-05-30,61
"517",2016-05-31,77
"518",2016-06-01,65
"519",2016-06-02,58
"520",2016-06-03,62
"521",2016-06-04,65
"522",2016-06-05,63
"523",2016-06-06,74
"524",2016-06-07,73
"525",2016-06-08,66
"526",2016-06-09,61
"527",2016-06-10,62
"528",2016-06-11,61
"529",2016-06-12,68
"530",2016-06-13,64
"531",2016-06-14,67
"532",2016-06-15,75
"533",2016-06-16,70
"534",2016-06-17,66
"535",2016-06-18,65
"536",2016-06-19,68
"537",2016-06-20,71
"538",2016-06-21,74
"539",2016-06-22,72
"540",2016-06-23,69
"541",2016-06-24,67
"542",2016-06-25,67
"543",2016-06-26,71
"544",2016-06-27,74
"545",2016-06-28,73
"546",2016-06-29,73
"547",2016-06-30,73
"548",2016-07-01,75
"549",2016-07-02,73
"550",2016-07-03,74
"551",2016-07-04,77
"552",2016-07-05,69
"553",2016-07-06,81
"554",2016-07-07,67
"555",2016-07-08,63
"556",2016-07-09,61
"557",2016-07-10,62
"558",2016-07-11,66
"559",2016-07-12,76
"560",2016-07-13,78
"561",2016-07-14,77
"562",2016-07-15,83
"563",2016-07-16,84
"564",2016-07-17,74
"565",2016-07-18,82
"566",2016-07-19,77
"567",2016-07-20,75
"568",2016-07-21,80
"569",2016-07-22,84
"570",2016-07-23,81
"571",2016-07-24,77
"572",2016-07-25,79
"573",2016-07-26,85
"574",2016-07-27,79
"575",2016-07-28,82
"576",2016-07-29,76
"577",2016-07-30,74
"578",2016-07-31,71
"579",2016-08-01,71
"580",2016-08-02,69
"581",2016-08-03,70
"582",2016-08-04,74
"583",2016-08-05,75
"584",2016-08-06,78
"585",2016-08-07,80
"586",2016-08-08,76
"587",2016-08-09,75
"588",2016-08-10,74
"589",2016-08-11,84
"590",2016-08-12,85
"591",2016-08-13,71
"592",2016-08-14,83
"593",2016-08-15,81
"594",2016-08-16,76
"595",2016-08-17,80
"596",2016-08-18,79
"597",2016-08-19,76
"598",2016-08-20,75
"599",2016-08-21,71
"600",2016-08-22,73
"601",2016-08-23,71
"602",2016-08-24,75
"603",2016-08-25,77
"604",2016-08-26,81
"605",2016-08-27,76
"606",2016-08-28,73
"607",2016-08-29,77
"608",2016-08-30,71
"609",2016-08-31,75
"610",2016-09-01,74
"611",2016-09-02,68
"612",2016-09-03,65
"613",2016-09-04,66
"614",2016-09-05,65
"615",2016-09-06,66
"616",2016-09-07,69
"617",2016-09-08,70
"618",2016-09-09,81
"619",2016-09-10,73
"620",2016-09-11,75
"621",2016-09-12,65
"622",2016-09-13,71
"623",2016-09-14,73
"624",2016-09-15,61
"625",2016-09-16,63
"626",2016-09-17,66
"627",2016-09-18,74
"628",2016-09-19,71
"629",2016-09-20,70
"630",2016-09-21,75
"631",2016-09-22,70
"632",2016-09-23,68
"633",2016-09-24,60
"634",2016-09-25,57
"635",2016-09-26,56
"636",2016-09-27,64
"637",2016-09-28,58
"638",2016-09-29,57
"639",2016-09-30,58
"640",2016-10-01,57
"641",2016-10-02,55
"642",2016-10-03,60
"643",2016-10-04,58
"644",2016-10-05,54
"645",2016-10-06,58
"646",2016-10-07,62
"647",2016-10-08,61
"648",2016-10-09,56
"649",2016-10-10,51
"650",2016-10-11,51
"651",2016-10-12,55
"652",2016-10-13,62
"653",2016-10-14,52
"654",2016-10-15,49
"655",2016-10-16,58
"656",2016-10-17,66
"657",2016-10-18,61
"658",2016-10-19,71
"659",2016-10-20,59
"660",2016-10-21,64
"661",2016-10-22,58
"662",2016-10-23,51
"663",2016-10-24,53
"664",2016-10-25,44
"665",2016-10-26,42
"666",2016-10-27,41
"667",2016-10-28,48
"668",2016-10-29,49
"669",2016-10-30,57
"670",2016-10-31,46
"671",2016-11-01,43
"672",2016-11-02,56
"673",2016-11-03,56
"674",2016-11-04,51
"675",2016-11-05,46
"676",2016-11-06,47
"677",2016-11-07,42
"678",2016-11-08,47
"679",2016-11-09,55
"680",2016-11-10,46
"681",2016-11-11,49
"682",2016-11-12,41
"683",2016-11-13,51
"684",2016-11-14,53
"685",2016-11-15,51
"686",2016-11-16,52
"687",2016-11-17,50
"688",2016-11-18,51
"689",2016-11-19,47
"690",2016-11-20,42
"691",2016-11-21,34
"692",2016-11-22,36
"693",2016-11-23,37
"694",2016-11-24,37
"695",2016-11-25,43
"696",2016-11-26,42
"697",2016-11-27,40
"698",2016-11-28,40
"699",2016-11-29,47
"700",2016-11-30,46
"701",2016-12-01,50
"702",2016-12-02,44
"703",2016-12-03,40
"704",2016-12-04,36
"705",2016-12-05,35
"706",2016-12-06,39
"707",2016-12-07,40
"708",2016-12-08,38
"709",2016-12-09,32
"710",2016-12-10,25
"711",2016-12-11,28
"712",2016-12-12,38
"713",2016-12-13,38
"714",2016-12-14,36
"715",2016-12-15,25
"716",2016-12-16,12
"717",2016-12-17,28
"718",2016-12-18,45
"719",2016-12-19,24
"720",2016-12-20,26
"721",2016-12-21,36
"722",2016-12-22,35
"723",2016-12-23,39
"724",2016-12-24,41
"725",2016-12-25,37
"726",2016-12-26,32
"727",2016-12-27,51
"728",2016-12-28,38
"729",2016-12-29,36
"730",2016-12-30,35
"731",2016-12-31,33
"732",2017-01-01,39
"733",2017-01-02,37
"734",2017-01-03,42
"735",2017-01-04,41
"736",2017-01-05,30
"737",2017-01-06,28
"738",2017-01-07,21
"739",2017-01-08,18
"740",2017-01-09,15
"741",2017-01-10,27
"742",2017-01-11,46
"743",2017-01-12,53
"744",2017-01-13,44
"745",2017-01-14,26
"746",2017-01-15,31
"747",2017-01-16,35
"748",2017-01-17,37
"749",2017-01-18,37
"750",2017-01-19,38
"751",2017-01-20,37
"752",2017-01-21,45
"753",2017-01-22,42
"754",2017-01-23,37
"755",2017-01-24,38
"756",2017-01-25,39
"757",2017-01-26,43
"758",2017-01-27,40
"759",2017-01-28,37
"760",2017-01-29,36
"761",2017-01-30,31
"762",2017-01-31,24
"763",2017-02-01,34
"764",2017-02-02,35
"765",2017-02-03,29
"766",2017-02-04,27
"767",2017-02-05,34
"768",2017-02-06,35
"769",2017-02-07,35
"770",2017-02-08,37
"771",2017-02-09,26
"772",2017-02-10,17
"773",2017-02-11,20
"774",2017-02-12,28
"775",2017-02-13,28
"776",2017-02-14,28
"777",2017-02-15,34
"778",2017-02-16,32
"779",2017-02-17,31
"780",2017-02-18,39
"781",2017-02-19,50
"782",2017-02-20,41
"783",2017-02-21,36
"784",2017-02-22,43
"785",2017-02-23,52
"786",2017-02-24,58
"787",2017-02-25,57
"788",2017-02-26,40
"789",2017-02-27,42
"790",2017-02-28,45
"791",2017-03-01,55
"792",2017-03-02,44
"793",2017-03-03,30
"794",2017-03-04,16
"795",2017-03-05,20
"796",2017-03-06,27
"797",2017-03-07,39
"798",2017-03-08,51
"799",2017-03-09,45
"800",2017-03-10,31
"801",2017-03-11,16
"802",2017-03-12,18
"803",2017-03-13,23
"804",2017-03-14,31
"805",2017-03-15,24
"806",2017-03-16,27
"807",2017-03-17,34
"808",2017-03-18,32
"809",2017-03-19,34
"810",2017-03-20,41
"811",2017-03-21,46
"812",2017-03-22,33
"813",2017-03-23,28
"814",2017-03-24,37
"815",2017-03-25,40
"816",2017-03-26,36
"817",2017-03-27,39
"818",2017-03-28,38
"819",2017-03-29,41
"820",2017-03-30,40
"821",2017-03-31,36
"822",2017-04-01,35
"823",2017-04-02,43
"824",2017-04-03,46
"825",2017-04-04,41
"826",2017-04-05,39
"827",2017-04-06,40
"828",2017-04-07,48
"829",2017-04-08,44
"830",2017-04-09,52
"831",2017-04-10,60
"832",2017-04-11,65
"833",2017-04-12,54
"834",2017-04-13,52
"835",2017-04-14,51
"836",2017-04-15,56
"837",2017-04-16,72
"838",2017-04-17,67
"839",2017-04-18,47
"840",2017-04-19,45
"841",2017-04-20,48
"842",2017-04-21,44
"843",2017-04-22,44
"844",2017-04-23,49
"845",2017-04-24,54
"846",2017-04-25,47
"847",2017-04-26,51
"848",2017-04-27,53
"849",2017-04-28,66
"850",2017-04-29,72
"851",2017-04-30,51
"852",2017-05-01,47
"853",2017-05-02,51
"854",2017-05-03,56
"855",2017-05-04,51
"856",2017-05-05,49
"857",2017-05-06,57
"858",2017-05-07,57
"859",2017-05-08,49
"860",2017-05-09,46
"861",2017-05-10,51
"862",2017-05-11,50
"863",2017-05-12,50
"864",2017-05-13,49
"865",2017-05-14,48
"866",2017-05-15,53
"867",2017-05-16,68
"868",2017-05-17,77
"869",2017-05-18,84
"870",2017-05-19,78
"871",2017-05-20,57
"872",2017-05-21,56
"873",2017-05-22,53
"874",2017-05-23,58
"875",2017-05-24,58
"876",2017-05-25,53
"877",2017-05-26,53
"878",2017-05-27,56
"879",2017-05-28,59
"880",2017-05-29,51
"881",2017-05-30,53
"882",2017-05-31,60
"883",2017-06-01,67
"884",2017-06-02,64
"885",2017-06-03,61
"886",2017-06-04,61
"887",2017-06-05,54
"888",2017-06-06,49
"889",2017-06-07,56
"890",2017-06-08,61
"891",2017-06-09,65
"892",2017-06-10,74
"893",2017-06-11,80
"894",2017-06-12,85
"895",2017-06-13,83
"896",2017-06-14,68
"897",2017-06-15,65
"898",2017-06-16,62
"899",2017-06-17,62
"900",2017-06-18,74
"901",2017-06-19,75
"902",2017-06-20,76
"903",2017-06-21,76
"904",2017-06-22,74
"905",2017-06-23,76
"906",2017-06-24,77
"907",2017-06-25,75
"908",2017-06-26,71
"909",2017-06-27,66
"910",2017-06-28,68
"911",2017-06-29,71
"912",2017-06-30,74
"913",2017-07-01,76
"914",2017-07-02,80
"915",2017-07-03,80
"916",2017-07-04,74
"917",2017-07-05,72
"918",2017-07-06,71
"919",2017-07-07,66
"920",2017-07-08,73
"921",2017-07-09,75
"922",2017-07-10,77
"923",2017-07-11,73
"924",2017-07-12,75
"925",2017-07-13,63
"926",2017-07-14,62
"927",2017-07-15,67
"928",2017-07-16,75
"929",2017-07-17,76
"930",2017-07-18,74
"931",2017-07-19,82
"932",2017-07-20,83
"933",2017-07-21,82
"934",2017-07-22,77
"935",2017-07-23,69
"936",2017-07-24,60
"937",2017-07-25,60
"938",2017-07-26,68
"939",2017-07-27,67
"940",2017-07-28,72
"941",2017-07-29,66
"942",2017-07-30,67
"943",2017-07-31,71
"944",2017-08-01,74
"945",2017-08-02,73
"946",2017-08-03,74
"947",2017-08-04,75
"948",2017-08-05,72
"949",2017-08-06,70
"950",2017-08-07,70
"951",2017-08-08,67
"952",2017-08-09,74
"953",2017-08-10,73
"954",2017-08-11,70
"955",2017-08-12,69
"956",2017-08-13,77
"957",2017-08-14,72
"958",2017-08-15,73
"959",2017-08-16,75
"960",2017-08-17,72
"961",2017-08-18,72
"962",2017-08-19,68
"963",2017-08-20,77
"964",2017-08-21,77
"965",2017-08-22,79
"966",2017-08-23,77
"967",2017-08-24,71
"968",2017-08-25,68
"969",2017-08-26,66
"970",2017-08-27,65
"971",2017-08-28,65
"972",2017-08-29,63
"973",2017-08-30,64
"974",2017-08-31,69
"975",2017-09-01,61
"976",2017-09-02,61
"977",2017-09-03,59
"978",2017-09-04,68
"979",2017-09-05,74
"980",2017-09-06,68
"981",2017-09-07,66
"982",2017-09-08,65
"983",2017-09-09,62
"984",2017-09-10,62
"985",2017-09-11,67
"986",2017-09-12,73
"987",2017-09-13,70
"988",2017-09-14,74
"989",2017-09-15,70
"990",2017-09-16,66
"991",2017-09-17,65
"992",2017-09-18,65
"993",2017-09-19,64
"994",2017-09-20,67
"995",2017-09-21,69
"996",2017-09-22,60
"997",2017-09-23,64
"998",2017-09-24,74
"999",2017-09-25,71
"1000",2017-09-26,71
"1001",2017-09-27,75
"1002",2017-09-28,72
"1003",2017-09-29,58
"1004",2017-09-30,55
"1005",2017-10-01,56
"1006",2017-10-02,58
"1007",2017-10-03,60
"1008",2017-10-04,63
"1009",2017-10-05,71
"1010",2017-10-06,68
"1011",2017-10-07,68
"1012",2017-10-08,72
"1013",2017-10-09,71
"1014",2017-10-10,73
"1015",2017-10-11,63
"1016",2017-10-12,55
"1017",2017-10-13,56
"1018",2017-10-14,60
"1019",2017-10-15,67
"1020",2017-10-16,59
"1021",2017-10-17,48
"1022",2017-10-18,58
"1023",2017-10-19,61
"1024",2017-10-20,64
"1025",2017-10-21,64
"1026",2017-10-22,60
"1027",2017-10-23,57
"1028",2017-10-24,68
"1029",2017-10-25,65
"1030",2017-10-26,57
"1031",2017-10-27,53
"1032",2017-10-28,57
"1033",2017-10-29,59
"1034",2017-10-30,58
"1035",2017-10-31,52
"1036",2017-11-01,49
"1037",2017-11-02,60
"1038",2017-11-03,64
"1039",2017-11-04,49
"1040",2017-11-05,53
"1041",2017-11-06,61
"1042",2017-11-07,44
"1043",2017-11-08,40
"1044",2017-11-09,42
"1045",2017-11-10,37
"1046",2017-11-11,29
"1047",2017-11-12,35
"1048",2017-11-13,39
"1049",2017-11-14,39
"1050",2017-11-15,39
"1051",2017-11-16,44
"1052",2017-11-17,40
"1053",2017-11-18,40
"1054",2017-11-19,50
"1055",2017-11-20,39
"1056",2017-11-21,47
"1057",2017-11-22,46
"1058",2017-11-23,37
"1059",2017-11-24,40
"1060",2017-11-25,48
"1061",2017-11-26,45
"1062",2017-11-27,38
"1063",2017-11-28,33
"1064",2017-11-29,50
"1065",2017-11-30,39
"1066",2017-12-01,46
"1067",2017-12-02,38
"1068",2017-12-03,40
"1069",2017-12-04,38
"1070",2017-12-05,45
"1071",2017-12-06,47
"1072",2017-12-07,39
"1073",2017-12-08,36
"1074",2017-12-09,33
"1075",2017-12-10,33
"1076",2017-12-11,35
"1077",2017-12-12,39
"1078",2017-12-13,25
"1079",2017-12-14,24
"1080",2017-12-15,23
"1081",2017-12-16,28
"1082",2017-12-17,25
"1083",2017-12-18,29
"1084",2017-12-19,43
"1085",2017-12-20,41
"1086",2017-12-21,29
"1087",2017-12-22,28
"1088",2017-12-23,31
"1089",2017-12-24,35
"1090",2017-12-25,32
"1091",2017-12-26,24
"1092",2017-12-27,17
"1093",2017-12-28,9
"1094",2017-12-29,7
"1095",2017-12-30,12
"1096",2017-12-31,10
"1097",2018-01-01,6
"1098",2018-01-02,12
"1099",2018-01-03,22
"1100",2018-01-04,26
"1101",2018-01-05,14
"1102",2018-01-06,8
"1103",2018-01-07,7
"1104",2018-01-08,28
"1105",2018-01-09,36
"1106",2018-01-10,31
"1107",2018-01-11,42
"1108",2018-01-12,52
"1109",2018-01-13,43
"1110",2018-01-14,18
"1111",2018-01-15,16
"1112",2018-01-16,27
"1113",2018-01-17,32
"1114",2018-01-18,27
"1115",2018-01-19,28
"1116",2018-01-20,39
"1117",2018-01-21,42
"1118",2018-01-22,37
"1119",2018-01-23,38
"1120",2018-01-24,36
"1121",2018-01-25,24
"1122",2018-01-26,25
"1123",2018-01-27,41
"1124",2018-01-28,48
"1125",2018-01-29,35
"1126",2018-01-30,26
"1127",2018-01-31,24
"1128",2018-02-01,37
"1129",2018-02-02,27
"1130",2018-02-03,19
"1131",2018-02-04,36
"1132",2018-02-05,37
"1133",2018-02-06,28
"1134",2018-02-07,31
"1135",2018-02-08,28
"1136",2018-02-09,28
"1137",2018-02-10,42
"1138",2018-02-11,41
"1139",2018-02-12,41
"1140",2018-02-13,28
"1141",2018-02-14,38
"1142",2018-02-15,43
"1143",2018-02-16,47
"1144",2018-02-17,31
"1145",2018-02-18,37
"1146",2018-02-19,40
"1147",2018-02-20,55
"1148",2018-02-21,60
"1149",2018-02-22,40
"1150",2018-02-23,36
"1151",2018-02-24,46
"1152",2018-02-25,39
"1153",2018-02-26,44
"1154",2018-02-27,44
"1155",2018-02-28,48
"1156",2018-03-01,46
"1157",2018-03-02,39
"1158",2018-03-03,40
"1159",2018-03-04,38
"1160",2018-03-05,37
"1161",2018-03-06,35
"1162",2018-03-07,36
"1163",2018-03-08,34
"1164",2018-03-09,33
"1165",2018-03-10,36
"1166",2018-03-11,38
"1167",2018-03-12,37
"1168",2018-03-13,32
"1169",2018-03-14,34
"1170",2018-03-15,37
"1171",2018-03-16,34
"1172",2018-03-17,30
"1173",2018-03-18,24
"1174",2018-03-19,28
"1175",2018-03-20,31
"1176",2018-03-21,35
"1177",2018-03-22,36
"1178",2018-03-23,38
"1179",2018-03-24,40
"1180",2018-03-25,35
"1181",2018-03-26,35
"1182",2018-03-27,36
"1183",2018-03-28,42
"1184",2018-03-29,43
"1185",2018-03-30,53
"1186",2018-03-31,46
"1187",2018-04-01,48
"1188",2018-04-02,36
"1189",2018-04-03,38
"1190",2018-04-04,46
"1191",2018-04-05,37
"1192",2018-04-06,35
"1193",2018-04-07,41
"1194",2018-04-08,36
"1195",2018-04-09,37
"1196",2018-04-10,38
"1197",2018-04-11,38
"1198",2018-04-12,44
"1199",2018-04-13,54
"1200",2018-04-14,46
"1201",2018-04-15,35
"1202",2018-04-16,42
"1203",2018-04-17,46
"1204",2018-04-18,44
"1205",2018-04-19,41
"1206",2018-04-20,44
"1207",2018-04-21,48
"1208",2018-04-22,50
"1209",2018-04-23,51
"1210",2018-04-24,54
"1211",2018-04-25,50
"1212",2018-04-26,58
"1213",2018-04-27,50
"1214",2018-04-28,57
"1215",2018-04-29,53
"1216",2018-04-30,44
"1217",2018-05-01,54
"1218",2018-05-02,75
"1219",2018-05-03,72
"1220",2018-05-04,70
"1221",2018-05-05,68
"1222",2018-05-06,60
"1223",2018-05-07,54
"1224",2018-05-08,52
"1225",2018-05-09,53
"1226",2018-05-10,55
"1227",2018-05-11,61
"1228",2018-05-12,50
"1229",2018-05-13,50
"1230",2018-05-14,58
"1231",2018-05-15,66
"1232",2018-05-16,55
"1233",2018-05-17,61
"1234",2018-05-18,55
"1235",2018-05-19,50
"1236",2018-05-20,68
"1237",2018-05-21,66
"1238",2018-05-22,60
"1239",2018-05-23,65
"1240",2018-05-24,59
"1241",2018-05-25,73
"1242",2018-05-26,75
"1243",2018-05-27,55
"1244",2018-05-28,53
"1245",2018-05-29,69
"1246",2018-05-30,63
"1247",2018-05-31,68
"1248",2018-06-01,71
"1249",2018-06-02,71
"1250",2018-06-03,56
"1251",2018-06-04,52
"1252",2018-06-05,54
"1253",2018-06-06,57
"1254",2018-06-07,61
"1255",2018-06-08,66
"1256",2018-06-09,73
"1257",2018-06-10,66
"1258",2018-06-11,61
"1259",2018-06-12,67
"1260",2018-06-13,68
"1261",2018-06-14,72
"1262",2018-06-15,58
"1263",2018-06-16,71
"1264",2018-06-17,70
"1265",2018-06-18,76
"1266",2018-06-19,77
"1267",2018-06-20,74
"1268",2018-06-21,71
"1269",2018-06-22,66
"1270",2018-06-23,62
"1271",2018-06-24,68
"1272",2018-06-25,67
"1273",2018-06-26,69
"1274",2018-06-27,71
"1275",2018-06-28,71
"1276",2018-06-29,79
"1277",2018-06-30,81
"1278",2018-07-01,81
"1279",2018-07-02,74
"1280",2018-07-03,84
"1281",2018-07-04,83
"1282",2018-07-05,85
"1283",2018-07-06,80
"1284",2018-07-07,68
"1285",2018-07-08,71
"1286",2018-07-09,78
"1287",2018-07-10,83
"1288",2018-07-11,71
"1289",2018-07-12,70
"1290",2018-07-13,70
"1291",2018-07-14,70
"1292",2018-07-15,71
"1293",2018-07-16,71
"1294",2018-07-17,76
"1295",2018-07-18,76
"1296",2018-07-19,71
"1297",2018-07-20,72
"1298",2018-07-21,69
"1299",2018-07-22,71
"1300",2018-07-23,79
"1301",2018-07-24,80
"1302",2018-07-25,79
"1303",2018-07-26,77
"1304",2018-07-27,79
"1305",2018-07-28,79
"1306",2018-07-29,79
"1307",2018-07-30,76
"1308",2018-07-31,75
"1309",2018-08-01,75
"1310",2018-08-02,84
"1311",2018-08-03,82
"1312",2018-08-04,77
"1313",2018-08-05,78
"1314",2018-08-06,86
"1315",2018-08-07,85
"1316",2018-08-08,79
"1317",2018-08-09,80
"1318",2018-08-10,78
"1319",2018-08-11,70
"1320",2018-08-12,70
"1321",2018-08-13,70
"1322",2018-08-14,73
"1323",2018-08-15,79
"1324",2018-08-16,83
"1325",2018-08-17,75
"1326",2018-08-18,77
"1327",2018-08-19,69
"1328",2018-08-20,70
"1329",2018-08-21,68
"1330",2018-08-22,73
"1331",2018-08-23,72
"1332",2018-08-24,73
"1333",2018-08-25,74
"1334",2018-08-26,73
"1335",2018-08-27,81
"1336",2018-08-28,86
"1337",2018-08-29,89
"1338",2018-08-30,81
"1339",2018-08-31,70
"1340",2018-09-01,68
"1341",2018-09-02,73
"1342",2018-09-03,83
"1343",2018-09-04,81
"1344",2018-09-05,79
"1345",2018-09-06,81
"1346",2018-09-07,70
"1347",2018-09-08,67
"1348",2018-09-09,61
"1349",2018-09-10,64
"1350",2018-09-11,68
"1351",2018-09-12,68
"1352",2018-09-13,68
"1353",2018-09-14,69
"1354",2018-09-15,67
"1355",2018-09-16,72
"1356",2018-09-17,75
"1357",2018-09-18,72
"1358",2018-09-19,64
"1359",2018-09-20,63
"1360",2018-09-21,66
"1361",2018-09-22,68
"1362",2018-09-23,59
"1363",2018-09-24,57
"1364",2018-09-25,62
"1365",2018-09-26,75
"1366",2018-09-27,66
"1367",2018-09-28,60
"1368",2018-09-29,64
"1369",2018-09-30,62
"1370",2018-10-01,61
"1371",2018-10-02,59
"1372",2018-10-03,59
"1373",2018-10-04,66
"1374",2018-10-05,59
"1375",2018-10-06,58
"1376",2018-10-07,66
"1377",2018-10-08,58
"1378",2018-10-09,69
"1379",2018-10-10,76
"1380",2018-10-11,63
"1381",2018-10-12,58
"1382",2018-10-13,51
"1383",2018-10-14,52
"1384",2018-10-15,57
"1385",2018-10-16,54
"1386",2018-10-17,52
"1387",2018-10-18,44
"1388",2018-10-19,50
"1389",2018-10-20,59
"1390",2018-10-21,47
"1391",2018-10-22,44
"1392",2018-10-23,49
"1393",2018-10-24,46
"1394",2018-10-25,44
"1395",2018-10-26,41
"1396",2018-10-27,49
"1397",2018-10-28,49
"1398",2018-10-29,52
"1399",2018-10-30,46
"1400",2018-10-31,47
"1401",2018-11-01,57
"1402",2018-11-02,64
"1403",2018-11-03,56
"1404",2018-11-04,47
"1405",2018-11-05,50
"1406",2018-11-06,52
"1407",2018-11-07,58
"1408",2018-11-08,50
"1409",2018-11-09,47
"1410",2018-11-10,45
"1411",2018-11-11,40
"1412",2018-11-12,42
"1413",2018-11-13,48
"1414",2018-11-14,34
"1415",2018-11-15,29
"1416",2018-11-16,39
"1417",2018-11-17,43
"1418",2018-11-18,40
"1419",2018-11-19,38
"1420",2018-11-20,38
"1421",2018-11-21,36
"1422",2018-11-22,18
"1423",2018-11-23,24
"1424",2018-11-24,38
"1425",2018-11-25,45
"1426",2018-11-26,45
"1427",2018-11-27,44
"1428",2018-11-28,40
"1429",2018-11-29,42
"1430",2018-11-30,38
"1431",2018-12-01,39
"1432",2018-12-02,46
"1433",2018-12-03,51
"1434",2018-12-04,36
"1435",2018-12-05,30
"1436",2018-12-06,36
"1437",2018-12-07,35
"1438",2018-12-08,26
"1439",2018-12-09,30
"1440",2018-12-10,33
"1441",2018-12-11,31
"1442",2018-12-12,32
"1443",2018-12-13,28
"1444",2018-12-14,39
"1445",2018-12-15,48
"1446",2018-12-16,43
"1447",2018-12-17,39
"1448",2018-12-18,30
"1449",2018-12-19,32
"1450",2018-12-20,41
"1451",2018-12-21,54
"1452",2018-12-22,48
"1453",2018-12-23,37
"1454",2018-12-24,36
"1455",2018-12-25,34
"1456",2018-12-26,33
"1457",2018-12-27,33
"1458",2018-12-28,44
"1459",2018-12-29,47
"1460",2018-12-30,30
"1461",2018-12-31,38
"1462",2019-01-01,47
"1463",2019-01-02,32
"1464",2019-01-03,39
"1465",2019-01-04,41
"1466",2019-01-05,40
"1467",2019-01-06,38
"1468",2019-01-07,26
"1469",2019-01-08,36
"1470",2019-01-09,40
"1471",2019-01-10,34
"1472",2019-01-11,25
"1473",2019-01-12,21
"1474",2019-01-13,22
"1475",2019-01-14,27
"1476",2019-01-15,29
"1477",2019-01-16,33
"1478",2019-01-17,25
"1479",2019-01-18,35
"1480",2019-01-19,31
"1481",2019-01-20,27
"1482",2019-01-21,7
"1483",2019-01-22,18
"1484",2019-01-23,33
"1485",2019-01-24,52
"1486",2019-01-25,36
"1487",2019-01-26,30
"1488",2019-01-27,37
"1489",2019-01-28,30
"1490",2019-01-29,30
"1491",2019-01-30,29
"1492",2019-01-31,11
"1493",2019-02-01,17
"1494",2019-02-02,25
"1495",2019-02-03,34
"1496",2019-02-04,47
"1497",2019-02-05,52
"1498",2019-02-06,36
"1499",2019-02-07,39
"1500",2019-02-08,42
"1501",2019-02-09,30
"1502",2019-02-10,30
"1503",2019-02-11,31
"1504",2019-02-12,27
"1505",2019-02-13,38
"1506",2019-02-14,35
"1507",2019-02-15,43
"1508",2019-02-16,40
"1509",2019-02-17,29
"1510",2019-02-18,29
"1511",2019-02-19,24
"1512",2019-02-20,26
"1513",2019-02-21,38
"1514",2019-02-22,41
"1515",2019-02-23,34
"1516",2019-02-24,41
"1517",2019-02-25,36
"1518",2019-02-26,27
"1519",2019-02-27,20
"1520",2019-02-28,24
"1521",2019-03-01,30
"1522",2019-03-02,33
"1523",2019-03-03,36
"1524",2019-03-04,35
"1525",2019-03-05,25
"1526",2019-03-06,22
"1527",2019-03-07,22
"1528",2019-03-08,28
"1529",2019-03-09,34
"1530",2019-03-10,36
"1531",2019-03-11,43
"1532",2019-03-12,40
"1533",2019-03-13,36
"1534",2019-03-14,42
"1535",2019-03-15,54
"1536",2019-03-16,47
"1537",2019-03-17,37
"1538",2019-03-18,36
"1539",2019-03-19,39
"1540",2019-03-20,41
"1541",2019-03-21,43
"1542",2019-03-22,41
"1543",2019-03-23,41
"1544",2019-03-24,46
"1545",2019-03-25,44
"1546",2019-03-26,37
"1547",2019-03-27,36
"1548",2019-03-28,43
"1549",2019-03-29,50
"1550",2019-03-30,52
"1551",2019-03-31,56
"1552",2019-04-01,42
"1553",2019-04-02,42
"1554",2019-04-03,48
"1555",2019-04-04,45
"1556",2019-04-05,39
"1557",2019-04-06,51
"1558",2019-04-07,55
"1559",2019-04-08,45
"1560",2019-04-09,38
"1561",2019-04-10,41
"1562",2019-04-11,43
"1563",2019-04-12,48
"1564",2019-04-13,64
"1565",2019-04-14,57
"1566",2019-04-15,55
"1567",2019-04-16,51
"1568",2019-04-17,51
"1569",2019-04-18,49
"1570",2019-04-19,69
"1571",2019-04-20,67
"1572",2019-04-21,60
"1573",2019-04-22,53
"1574",2019-04-23,49
"1575",2019-04-24,55
"1576",2019-04-25,51
"1577",2019-04-26,48
"1578",2019-04-27,50
"1579",2019-04-28,49
"1580",2019-04-29,53
"1581",2019-04-30,49
"1582",2019-05-01,51
"1583",2019-05-02,47
"1584",2019-05-03,50
"1585",2019-05-04,51
"1586",2019-05-05,50
"1587",2019-05-06,52
"1588",2019-05-07,60
"1589",2019-05-08,57
"1590",2019-05-09,52
"1591",2019-05-10,57
"1592",2019-05-11,64
"1593",2019-05-12,48
"1594",2019-05-13,49
"1595",2019-05-14,45
"1596",2019-05-15,52
"1597",2019-05-16,58
"1598",2019-05-17,56
"1599",2019-05-18,61
"1600",2019-05-19,62
"1601",2019-05-20,74
"1602",2019-05-21,65
"1603",2019-05-22,60
"1604",2019-05-23,61
"1605",2019-05-24,64
"1606",2019-05-25,63
"1607",2019-05-26,73
"1608",2019-05-27,66
"1609",2019-05-28,57
"1610",2019-05-29,52
"1611",2019-05-30,58
"1612",2019-05-31,62
"1613",2019-06-01,59
"1614",2019-06-02,56
"1615",2019-06-03,64
"1616",2019-06-04,64
"1617",2019-06-05,72
"1618",2019-06-06,68
"1619",2019-06-07,69
"1620",2019-06-08,68
"1621",2019-06-09,68
"1622",2019-06-10,66
"1623",2019-06-11,71
"1624",2019-06-12,67
"1625",2019-06-13,57
"1626",2019-06-14,65
"1627",2019-06-15,73
"1628",2019-06-16,68
"1629",2019-06-17,70
"1630",2019-06-18,66
"1631",2019-06-19,65
"1632",2019-06-20,66
"1633",2019-06-21,68
"1634",2019-06-22,71
"1635",2019-06-23,77
"1636",2019-06-24,72
"1637",2019-06-25,68
"1638",2019-06-26,68
"1639",2019-06-27,65
"1640",2019-06-28,74
"1641",2019-06-29,75
"1642",2019-06-30,72
"1643",2019-07-01,73
"1644",2019-07-02,79
"1645",2019-07-03,80
"1646",2019-07-04,79
"1647",2019-07-05,81
"1648",2019-07-06,81
"1649",2019-07-07,72
"1650",2019-07-08,72
"1651",2019-07-09,79
"1652",2019-07-10,79
"1653",2019-07-11,77
"1654",2019-07-12,73
"1655",2019-07-13,79
"1656",2019-07-14,83
"1657",2019-07-15,79
"1658",2019-07-16,80
"1659",2019-07-17,82
"1660",2019-07-18,71
"1661",2019-07-19,79
"1662",2019-07-20,89
"1663",2019-07-21,90
"1664",2019-07-22,78
"1665",2019-07-23,67
"1666",2019-07-24,72
"1667",2019-07-25,73
"1668",2019-07-26,75
"1669",2019-07-27,75
"1670",2019-07-28,80
"1671",2019-07-29,84
"1672",2019-07-30,84
"1673",2019-07-31,80
"1674",2019-08-01,80
"1675",2019-08-02,76
"1676",2019-08-03,79
"1677",2019-08-04,76
"1678",2019-08-05,72
"1679",2019-08-06,71
"1680",2019-08-07,76
"1681",2019-08-08,77
"1682",2019-08-09,78
"1683",2019-08-10,74
"1684",2019-08-11,72
"1685",2019-08-12,78
"1686",2019-08-13,77
"1687",2019-08-14,70
"1688",2019-08-15,67
"1689",2019-08-16,69
"1690",2019-08-17,70
"1691",2019-08-18,74
"1692",2019-08-19,83
"1693",2019-08-20,78
"1694",2019-08-21,77
"1695",2019-08-22,81
"1696",2019-08-23,76
"1697",2019-08-24,68
"1698",2019-08-25,65
"1699",2019-08-26,65
"1700",2019-08-27,69
"1701",2019-08-28,69
"1702",2019-08-29,76
"1703",2019-08-30,78
"1704",2019-08-31,75
"1705",2019-09-01,67
"1706",2019-09-02,69
"1707",2019-09-03,71
"1708",2019-09-04,74
"1709",2019-09-05,66
"1710",2019-09-06,65
"1711",2019-09-07,65
"1712",2019-09-08,69
"1713",2019-09-09,65
"1714",2019-09-10,67
"1715",2019-09-11,77
"1716",2019-09-12,66
"1717",2019-09-13,61
"1718",2019-09-14,64
"1719",2019-09-15,74
"1720",2019-09-16,69
"1721",2019-09-17,64
"1722",2019-09-18,60
"1723",2019-09-19,58
"1724",2019-09-20,67
"1725",2019-09-21,72
"1726",2019-09-22,75
"1727",2019-09-23,79
"1728",2019-09-24,72
"1729",2019-09-25,63
